id,container,product,amount,date
1,T9,Chocolate - Milk,81,2020-06-29T00:24:18Z
2,M8,Water - Perrier,1081,2020-06-19T20:40:36Z
3,P5,Salad Dressing,1467,2020-06-15T04:20:26Z
4,C0,Cheese - Brie,1056,2020-06-12T12:20:08Z
5,X7,Cheese - Fontina,748,2020-06-18T13:21:17Z
6,H0,Olives - Green,1261,2020-06-22T18:26:58Z
7,W6,Chicken - Whole Roasting,1171,2020-06-18T18:27:54Z
8,E1,Turnip - White,1220,2020-06-07T07:54:44Z
9,V3,Fish - Base,1223,2020-06-11T11:26:56Z
10,A8,Cinnamon - Ground,1466,2020-06-22T21:28:13Z
11,H3,Lambcasing,1376,2020-06-09T02:49:57Z
12,G2,Appetizer - Assorted Box,1097,2020-06-20T21:41:46Z
13,S4,Cranberries - Dry,1160,2020-06-29T11:57:47Z
14,Z3,Wine - White,1290,2020-06-05T10:34:11Z
15,K9,Cookie Dough - Double,1584,2020-06-21T17:30:11Z
16,L8,Trueblue - Blueberry,723,2020-06-19T20:21:25Z
17,A2,Table Cloth 81x81 White,539,2020-06-01T03:42:12Z
18,Y4,Lamb - Leg,811,2020-06-09T17:57:21Z
19,S7,Wine - Fino Tio Pepe Gonzalez,1146,2020-06-23T11:06:58Z
20,W0,Cauliflower,1052,2020-06-29T18:35:51Z
21,F9,Garlic - Peeled,711,2020-06-10T10:43:12Z
22,C6,Pepper - Chillies,1373,2020-06-23T07:34:08Z
23,M8,Leeks - Baby,585,2020-06-06T13:38:58Z
24,J3,Pail With Metal Handle 16l White,1151,2020-06-19T03:31:41Z
25,Y0,Chicken - Livers,1375,2020-06-15T08:35:30Z
26,P4,Puree - Mango,1035,2020-06-05T20:05:10Z
27,M5,Tamarillo,1035,2020-06-27T11:19:57Z
28,U4,Cod - Black Whole Fillet,984,2020-06-22T03:58:45Z
29,Y7,Cheese - Blue,1297,2020-06-24T18:16:20Z
30,Z5,Cheese - Mozzarella,1307,2020-06-14T07:46:57Z
31,R9,Veal - Liver,485,2020-06-10T22:34:32Z
32,R9,Cheese - Havarti,1386,2020-06-15T19:42:33Z
33,G9,Hand Towel,1368,2020-06-06T18:47:38Z
34,U0,Muffin Mix - Corn Harvest,1046,2020-06-27T21:11:42Z
35,A0,Cup - Paper 10oz 92959,648,2020-06-03T23:24:07Z
36,K3,Garlic,793,2020-06-16T07:08:55Z
37,S2,Bar Energy Chocchip,1002,2020-06-18T23:41:43Z
38,S4,Soup - Chicken And Wild Rice,767,2020-06-10T03:18:54Z
39,B1,Ice Cream Bar - Oreo Sandwich,900,2020-06-24T09:57:55Z
40,N7,Flour - Pastry,1291,2020-06-29T17:21:37Z
41,K9,Mousse - Mango,466,2020-06-28T09:55:59Z
42,U9,Pants Custom Dry Clean,1253,2020-06-07T00:18:50Z
43,F6,Beef - Salted,1056,2020-06-27T19:26:00Z
44,O2,Soy Protein,1259,2020-06-14T11:17:21Z
45,S0,Eggplant - Baby,1378,2020-06-25T02:29:51Z
46,Z3,Tart Shells - Savory,1284,2020-06-09T01:15:39Z
47,G0,Cherries - Frozen,1299,2020-06-25T15:45:23Z
48,W6,Tomato Puree,598,2020-06-18T23:15:31Z
49,M8,Ice Cream - Vanilla,686,2020-06-13T20:10:53Z
50,U5,Mustard - Dry,856,2020-06-28T20:52:55Z
51,P0,Ecolab Crystal Fusion,948,2020-06-02T03:32:33Z
52,V3,Kippers - Smoked,956,2020-06-17T13:40:52Z
53,I8,Sage - Ground,802,2020-06-03T04:51:35Z
54,E6,Puree - Mocha,628,2020-06-04T19:51:27Z
55,V7,Ginger - Fresh,962,2020-06-08T13:22:49Z
56,A8,Chicken - Base,546,2020-06-23T18:01:46Z
57,U8,Wine - Vouvray Cuvee Domaine,439,2020-06-06T22:54:54Z
58,I9,Coffee Swiss Choc Almond,385,2020-06-08T02:47:50Z
59,C6,Oil - Grapeseed Oil,578,2020-06-03T14:37:16Z
60,X8,Crawfish,153,2020-06-28T21:32:36Z
61,H2,Caviar - Salmon,1182,2020-06-15T07:42:30Z
62,N1,Chocolate - Chips Compound,1059,2020-06-20T21:21:05Z
63,P4,Juice - Ocean Spray Cranberry,1107,2020-06-13T16:55:55Z
64,F3,Pork - Liver,1102,2020-06-27T15:35:26Z
65,W9,Basil - Pesto Sauce,1543,2020-06-25T17:39:10Z
66,V0,Chocolate - Milk Coating,674,2020-06-05T09:28:31Z
67,L6,Muffin - Carrot Individual Wrap,1494,2020-06-12T08:29:19Z
68,W1,Tahini Paste,661,2020-06-19T21:26:47Z
69,D9,Hagen Daza - Dk Choocolate,1214,2020-06-25T04:59:54Z
70,V9,Sauce - Plum,1497,2020-06-26T13:38:07Z
71,Z1,Carbonated Water - Wildberry,593,2020-06-16T11:17:01Z
72,O5,Rye Special Old,1082,2020-06-27T13:13:35Z
73,Y2,Spice - Peppercorn Melange,618,2020-06-13T03:25:05Z
74,A8,Soup - Campbells Beef Strogonoff,1351,2020-06-23T07:46:55Z
75,B5,Cherries - Fresh,1634,2020-06-25T22:57:43Z
76,E8,Eggwhite Frozen,1289,2020-06-05T01:17:23Z
77,Y8,Pork - Ham Hocks - Smoked,1048,2020-06-29T00:47:31Z
78,N5,Bread - Roll,1107,2020-06-20T07:43:28Z
79,D9,Wine - Malbec Trapiche Reserve,653,2020-06-23T00:53:38Z
80,Q9,Cup - Translucent 7 Oz Clear,1362,2020-06-19T09:31:05Z
81,N4,Wine - White,482,2020-06-06T08:55:29Z
82,P5,Shrimp - Tiger 21/25,668,2020-06-21T14:24:46Z
83,V2,Juice - Ocean Spray Cranberry,917,2020-06-02T22:12:12Z
84,C4,Juice - Orange,442,2020-06-07T15:28:00Z
85,Q3,Haggis,1088,2020-06-21T04:34:52Z
86,W0,Broccoli - Fresh,719,2020-06-11T18:02:20Z
87,U8,Milk - Chocolate 500ml,981,2020-06-23T06:23:52Z
88,S2,Cheese - Gorgonzola,1453,2020-06-04T01:16:29Z
89,S8,Nut - Pine Nuts,941,2020-06-14T07:07:50Z
90,R8,Cauliflower,1259,2020-06-09T02:00:42Z
91,T7,Soup - Campbells Chili Veg,442,2020-06-19T17:14:40Z
92,Z6,Pork - Hock And Feet Attached,445,2020-06-01T04:04:29Z
93,A1,Energy Drink - Franks Original,883,2020-06-02T14:55:38Z
94,H3,Crush - Orange,640,2020-06-15T21:51:01Z
95,K7,Wine - Ej Gallo Sonoma,955,2020-06-11T10:22:40Z
96,G7,Flour - Bran,1174,2020-06-07T23:25:12Z
97,S4,Soup - Campbellschix Stew,1343,2020-06-06T05:49:48Z
98,C5,Lamb - Loin,882,2020-06-13T19:20:54Z
99,L8,Kolrabi,831,2020-06-14T04:14:54Z
100,U8,Pecan Raisin - Tarts,1160,2020-06-17T04:21:18Z
101,A6,Lobster - Cooked,1414,2020-06-27T19:54:01Z
102,F4,Beef - Montreal Smoked Brisket,880,2020-06-06T16:58:25Z
103,F9,Passion Fruit,775,2020-06-15T07:23:09Z
104,N2,Halibut - Steaks,1003,2020-06-04T05:06:44Z
105,M4,Bread - White Epi Baguette,1031,2020-06-21T18:26:57Z
106,D4,Appetizer - Asian Shrimp Roll,1422,2020-06-29T10:25:54Z
107,Y0,Chocolate - Liqueur Cups With Foil,1014,2020-06-26T23:03:52Z
108,P9,Wine - Alicanca Vinho Verde,891,2020-06-06T22:31:34Z
109,J8,Oil - Hazelnut,1164,2020-06-25T22:01:19Z
110,J0,Sun - Dried Tomatoes,730,2020-06-20T12:41:29Z
111,I7,Smoked Tongue,414,2020-06-01T05:42:30Z
112,U1,Cheese - Goat,1566,2020-06-14T07:31:56Z
113,N7,Pastry - Plain Baked Croissant,682,2020-06-20T20:56:27Z
114,X4,Wine - White,763,2020-06-21T17:04:23Z
115,E4,Bread Roll Foccacia,1325,2020-06-27T00:36:49Z
116,E4,Vector Energy Bar,934,2020-06-28T00:50:22Z
117,T2,Beans - Butter Lrg Lima,805,2020-06-06T19:34:18Z
118,Z6,Chocolate Bar - Reese Pieces,1149,2020-06-04T11:05:00Z
119,K0,Beef - Bones,660,2020-06-20T19:25:01Z
120,Q4,Grand Marnier,597,2020-06-21T21:04:28Z
121,Q7,Cornstarch,715,2020-06-22T04:50:07Z
122,R7,Island Oasis - Raspberry,722,2020-06-06T03:10:34Z
123,H6,Eggplant - Regular,1411,2020-06-11T21:19:18Z
124,L2,Soup - Campbells Mac N Cheese,1103,2020-06-01T08:34:18Z
125,K3,Pepper - Gypsy Pepper,1483,2020-06-25T22:47:45Z
126,W4,Beans - Butter Lrg Lima,707,2020-06-05T19:06:26Z
127,A9,Sprouts - Corn,1078,2020-06-06T04:48:54Z
128,C7,Vinegar - Sherry,852,2020-06-14T06:15:01Z
129,V9,Wine - Winzer Krems Gruner,576,2020-06-26T17:39:07Z
130,V6,Longos - Lasagna Veg,968,2020-06-16T12:59:05Z
131,Q9,Crab - Back Fin Meat,992,2020-06-06T19:27:31Z
132,C2,Wine - Barolo Fontanafredda,1080,2020-06-24T22:49:15Z
133,P8,Hersey Shakes,1460,2020-06-29T09:58:47Z
134,L4,Beef - Tenderloin,862,2020-06-23T15:15:01Z
135,V1,Muffin Mix - Banana Nut,853,2020-06-24T07:35:13Z
136,E8,Fib N9 - Prague Powder,857,2020-06-29T16:08:35Z
137,N3,Bread - Raisin Walnut Pull,1399,2020-06-27T20:27:49Z
138,T5,Truffle Shells - White Chocolate,832,2020-06-08T19:02:47Z
139,L9,Magnotta - Bel Paese White,1311,2020-06-16T21:59:28Z
140,E3,Cheese - Cream Cheese,911,2020-06-07T10:09:12Z
141,F4,Cheese - Brie,1655,2020-06-09T05:41:13Z
142,H7,Sausage - Chorizo,530,2020-06-13T02:56:30Z
143,Z7,Soup - Campbells Broccoli,569,2020-06-14T11:49:36Z
144,Y7,Onions - Vidalia,1226,2020-06-18T22:45:21Z
145,Y2,Capers - Ox Eye Daisy,1078,2020-06-19T15:48:52Z
146,F0,Garlic - Peeled,832,2020-06-26T01:58:53Z
147,Q0,Taro Leaves,1467,2020-06-11T18:28:18Z
148,N3,Bread - Multigrain Oval,1197,2020-06-03T15:11:46Z
149,T3,Radish,796,2020-06-25T17:42:56Z
150,N2,Scampi Tail,1195,2020-06-06T10:29:11Z
151,V2,Pepper - Chili Powder,1441,2020-06-17T04:54:13Z
152,H8,Sugar - White Packet,512,2020-06-01T11:34:26Z
153,O8,Juice - Orangina,908,2020-06-10T23:04:13Z
154,L3,Cheese - Le Cru Du Clocher,1405,2020-06-12T19:41:44Z
155,X9,Chutney Sauce - Mango,1009,2020-06-05T11:24:32Z
156,E5,Beef - Tenderloin - Aa,1070,2020-06-12T13:07:46Z
157,T6,Orange - Canned,424,2020-06-19T02:52:54Z
158,E4,Kirsch - Schloss,1474,2020-06-29T11:59:49Z
159,O9,Wine - Fino Tio Pepe Gonzalez,1630,2020-06-14T05:43:03Z
160,W0,Turkey - Breast,333,2020-06-15T09:26:50Z
161,U1,Cheese - Brie,1674,2020-06-06T11:45:10Z
162,I1,Pork - Ham Hocks - Smoked,1205,2020-06-28T17:12:10Z
163,J0,Sauce - Hp,546,2020-06-07T21:58:11Z
164,O4,Wine - Montecillo Rioja Crianza,676,2020-06-24T20:38:43Z
165,G5,Nori Sea Weed - Gold Label,1265,2020-06-04T10:57:08Z
166,O3,Rappini - Andy Boy,1175,2020-06-28T04:28:59Z
167,K7,Longos - Grilled Chicken With,1099,2020-06-01T02:10:19Z
168,O2,Island Oasis - Banana Daiquiri,817,2020-06-07T22:59:05Z
169,S8,Versatainer Nc - 9388,1138,2020-06-25T10:48:37Z
170,I0,Banana - Leaves,729,2020-06-23T00:17:21Z
171,W1,Pork - Butt,1424,2020-06-14T03:15:46Z
172,T1,Petit Baguette,910,2020-06-11T17:23:29Z
173,D1,Pumpkin - Seed,874,2020-06-23T21:40:02Z
174,X0,Chip - Potato Dill Pickle,1371,2020-06-18T21:29:19Z
175,R4,Pasta - Bauletti,678,2020-06-15T02:54:05Z
176,H8,Sole - Fillet,839,2020-06-07T19:05:46Z
177,Z9,Rambutan,565,2020-06-21T03:46:51Z
178,O8,Bread - Dark Rye,940,2020-06-23T16:46:16Z
179,L6,7up Diet,346,2020-06-26T01:15:48Z
180,M6,Wine - Chateau Aqueria Tavel,1022,2020-06-11T21:57:00Z
181,R5,Muffin Orange Individual,1331,2020-06-13T08:15:21Z
182,L8,Mushroom - White Button,465,2020-06-21T23:32:16Z
183,Q4,Wine - Red,1172,2020-06-08T15:53:39Z
184,Q0,Sambuca Cream,1149,2020-06-13T12:25:11Z
185,H5,Butter - Unsalted,776,2020-06-22T10:25:30Z
186,B1,Oil - Truffle,971,2020-06-25T15:27:40Z
187,I8,Table Cloth 72x144 White,600,2020-06-13T19:07:11Z
188,B5,Tomato - Peeled Italian Canned,1134,2020-06-21T08:09:33Z
189,P3,Veal - Inside Round / Top,997,2020-06-16T05:21:35Z
190,T5,Tomatoes,1207,2020-06-02T05:18:29Z
191,N2,Tuna - Salad Premix,781,2020-06-24T21:26:49Z
192,Z7,Wasabi Paste,1127,2020-06-09T23:30:50Z
193,B6,Wine - White,755,2020-06-23T16:24:56Z
194,Z7,Sobe - Tropical Energy,1289,2020-06-25T14:31:50Z
195,C9,Sesame Seed,1452,2020-06-16T18:50:18Z
196,E9,Nut - Pecan,898,2020-06-18T21:11:52Z
197,U6,Onions - Spanish,786,2020-06-03T01:55:24Z
198,Y0,Puree - Blackcurrant,1147,2020-06-10T20:18:42Z
199,V2,Muffin Mix - Carrot,1244,2020-06-02T00:59:20Z
200,R9,Cookies Cereal Nut,340,2020-06-20T15:28:04Z
201,J3,Juice - Cranberry,842,2020-06-26T05:14:51Z
202,R0,Anchovy Paste - 56 G Tube,1013,2020-06-20T12:54:09Z
203,H9,Neckerchief Blck,1129,2020-06-25T10:12:11Z
204,Q2,Bagel - Everything Presliced,1357,2020-06-01T22:38:19Z
205,I6,Apple - Granny Smith,1175,2020-06-23T03:12:39Z
206,A8,Rambutan,739,2020-06-09T03:58:13Z
207,T4,Wine - Prem Select Charddonany,1228,2020-06-10T05:26:12Z
208,I4,Longos - Greek Salad,878,2020-06-09T15:06:33Z
209,W7,Chicken - Breast,1009,2020-06-08T06:06:50Z
210,C1,Pastry - Baked Cinnamon Stick,1125,2020-06-10T17:23:46Z
211,G4,Wine - Sogrape Mateus Rose,1118,2020-06-12T14:49:50Z
212,C4,Wine - Port Late Bottled Vintage,1175,2020-06-04T10:55:37Z
213,Z2,Vol Au Vents,1050,2020-06-28T11:16:03Z
214,U6,Beans - Kidney White,1326,2020-06-27T22:46:39Z
215,N4,Bread - Burger,1262,2020-06-10T12:26:25Z
216,D1,Quinoa,864,2020-06-28T00:06:02Z
217,A9,Beer - Molson Excel,1800,2020-06-17T10:54:27Z
218,W2,Tea - Decaf 1 Cup,1500,2020-06-01T03:16:08Z
219,Y8,Honey - Lavender,1034,2020-06-06T07:29:33Z
220,L6,Pears - Fiorelle,766,2020-06-27T03:21:55Z
221,I8,Pork - European Side Bacon,1157,2020-06-26T18:48:16Z
222,D3,Chickhen - Chicken Phyllo,1195,2020-06-26T09:48:25Z
223,K5,Juice - Grapefruit,589,2020-06-05T16:18:14Z
224,R1,Wine - Sogrape Mateus Rose,1512,2020-06-16T08:11:07Z
225,D2,Mushroom - Portebello,1190,2020-06-07T04:40:08Z
226,O9,Horseradish Root,637,2020-06-20T02:11:38Z
227,Y8,Sugar - White Packet,1524,2020-06-10T03:53:26Z
228,G0,Transfer Sheets,962,2020-06-04T23:36:25Z
229,Z0,Parsnip,1119,2020-06-09T16:24:48Z
230,V3,Oil - Olive,725,2020-06-24T21:37:03Z
231,S8,Capicola - Hot,1228,2020-06-18T23:50:47Z
232,J0,Wine - Manischewitz Concord,790,2020-06-13T07:25:26Z
233,A1,Juice - Tomato,1471,2020-06-22T13:05:34Z
234,O0,Turkey - Breast,938,2020-06-24T03:46:32Z
235,Q3,Cheese - Comtomme,656,2020-06-04T00:50:19Z
236,H9,Roe - Lump Fish,457,2020-06-24T01:45:13Z
237,K9,Bread - Frozen Basket Variety,1081,2020-06-02T18:03:24Z
238,V6,Juice - Orange,1383,2020-06-10T06:06:25Z
239,N1,Cilantro / Coriander - Fresh,1357,2020-06-15T14:02:53Z
240,Q2,Calypso - Strawberry Lemonade,979,2020-06-21T10:41:58Z
241,I1,Chick Peas - Dried,1200,2020-06-10T02:53:54Z
242,B9,Lidsoupcont Rp12dn,1085,2020-06-22T02:56:04Z
243,U0,Wine - Beringer Founders Estate,1011,2020-06-18T03:53:23Z
244,C1,Wine - Chablis 2003 Champs,1062,2020-06-10T07:05:36Z
245,T5,Oil - Truffle,886,2020-06-12T04:11:30Z
246,R0,Wine - Spumante Bambino White,875,2020-06-25T09:55:52Z
247,E7,Seedlings - Mix,1076,2020-06-14T10:58:05Z
248,C4,Pasta - Penne Primavera,633,2020-06-13T20:41:22Z
249,N1,Wine - Jaboulet Cotes Du Rhone,1524,2020-06-28T22:38:57Z
250,V4,Juice - Orange,737,2020-06-08T16:51:24Z
251,T7,Brandy - Orange,1152,2020-06-16T02:55:50Z
252,Z7,Octopus,1227,2020-06-12T03:51:49Z
253,Y2,Lamb - Leg,554,2020-06-26T16:00:33Z
254,C0,Wine - Zinfandel California 2002,1531,2020-06-19T13:03:40Z
255,E1,Glass Clear 7 Oz Xl,750,2020-06-13T14:02:10Z
256,R0,Dish Towel,1031,2020-06-29T17:36:45Z
257,P1,Squash - Pattypan,991,2020-06-03T06:05:29Z
258,N3,Steampan - Half Size Shallow,870,2020-06-22T00:55:04Z
259,O4,Chocolate - Semi Sweet,800,2020-06-10T17:48:58Z
260,L3,Teriyaki Sauce,1726,2020-06-16T17:38:05Z
261,S1,Sauce Bbq Smokey,1325,2020-06-18T16:04:51Z
262,I7,Potatoes - Peeled,925,2020-06-05T03:17:08Z
263,B9,Pepper - Scotch Bonnet,1023,2020-06-07T04:49:06Z
264,J1,Rice - 7 Grain Blend,1139,2020-06-17T11:15:37Z
265,J5,Bread Roll Foccacia,1505,2020-06-07T04:54:10Z
266,O3,Tomato - Plum With Basil,1086,2020-06-08T19:45:59Z
267,Y5,Gloves - Goldtouch Disposable,1098,2020-06-01T20:37:46Z
268,Z9,Noodles - Steamed Chow Mein,652,2020-06-28T02:44:05Z
269,V9,Sugar - Crumb,974,2020-06-14T06:54:29Z
270,G3,Cassis,966,2020-06-21T20:15:54Z
271,E3,Muffin Chocolate Individual Wrap,1472,2020-06-29T19:03:34Z
272,Y4,Pork - Bacon,1026,2020-06-09T07:16:42Z
273,R6,Sobe - Berry Energy,1228,2020-06-12T19:23:42Z
274,T4,Lemons,280,2020-06-05T22:29:37Z
275,N1,Olives - Stuffed,1222,2020-06-27T19:34:12Z
276,F1,Pineapple - Canned,353,2020-06-26T08:26:07Z
277,T5,Pork - Loin,1152,2020-06-23T00:11:30Z
278,L9,Relish,1448,2020-06-12T22:49:32Z
279,Q8,Wine - Rubyport,1017,2020-06-12T04:06:10Z
280,S4,Instant Coffee,1445,2020-06-13T02:01:42Z
281,E8,Soup - Campbells,721,2020-06-26T05:37:16Z
282,M0,Juice - Clamato,714,2020-06-05T14:20:31Z
283,P4,Mustard - Individual Pkg,1079,2020-06-23T17:14:56Z
284,G9,Rum - Light,1131,2020-06-28T21:47:27Z
285,U9,Flour Pastry Super Fine,1335,2020-06-01T15:53:59Z
286,M0,Syrup - Monin - Passion Fruit,770,2020-06-23T15:33:22Z
287,N0,Appetizer - Shrimp Puff,930,2020-06-28T06:08:03Z
288,R3,Corn Kernels - Frozen,862,2020-06-05T08:13:36Z
289,F1,Wine - White Cab Sauv.on,557,2020-06-14T17:31:14Z
290,N2,Juice - Prune,961,2020-06-02T19:23:32Z
291,N8,Bread - Roll,1568,2020-06-07T08:25:40Z
292,C6,Bread - Italian Corn Meal Poly,898,2020-06-24T23:05:31Z
293,J8,Bread - Roll,1030,2020-06-13T22:02:36Z
294,K1,Veal - Kidney,780,2020-06-04T13:27:32Z
295,V7,Ecolab - Balanced Fusion,1784,2020-06-19T14:46:13Z
296,Y2,Chocolate - Sugar Free Semi Choc,995,2020-06-21T19:14:43Z
297,O9,Gin - Gilbeys London,1420,2020-06-17T07:00:57Z
298,G0,Grapefruit - White,754,2020-06-21T09:29:00Z
299,Z1,Appetizer - Seafood Assortment,1148,2020-06-23T04:18:40Z
300,Z6,Wine - Two Oceans Cabernet,1360,2020-06-06T18:53:22Z
301,W9,Lettuce - Romaine,930,2020-06-16T02:42:14Z
302,G0,Rice - Sushi,1040,2020-06-28T20:29:13Z
303,U9,Gherkin - Sour,801,2020-06-13T04:10:00Z
304,A2,Cheese - Swiss Sliced,653,2020-06-26T19:23:23Z
305,O9,Compound - Strawberry,722,2020-06-20T23:01:33Z
306,A2,Tomato Puree,710,2020-06-28T18:24:58Z
307,X0,Brandy Cherry - Mcguinness,853,2020-06-22T08:51:59Z
308,D3,Tequila Rose Cream Liquor,776,2020-06-19T00:04:45Z
309,U5,Beef - Salted,1229,2020-06-11T12:18:22Z
310,I8,Muffin - Mix - Creme Brule 15l,1304,2020-06-09T11:08:04Z
311,A0,Soup - Campbells Bean Medley,805,2020-06-22T09:00:09Z
312,Z0,Pork - Bones,989,2020-06-09T14:48:10Z
313,H0,Ecolab - Hobart Washarm End Cap,598,2020-06-29T11:22:40Z
314,K3,Olives - Morracan Dired,719,2020-06-29T08:14:49Z
315,V3,Sobe - Orange Carrot,715,2020-06-21T06:38:56Z
316,G1,Roe - Lump Fish,495,2020-06-01T22:38:07Z
317,K2,Yeast Dry - Fleischman,1203,2020-06-07T14:41:32Z
318,T4,Champagne - Brights,569,2020-06-16T18:01:00Z
319,Q3,Mushroom - Morel Frozen,1417,2020-06-27T09:06:03Z
320,T2,Hipnotiq Liquor,1441,2020-06-04T00:46:47Z
321,S4,Hersey Shakes,1247,2020-06-12T11:20:39Z
322,A2,Sparkling Wine - Rose,978,2020-06-25T08:59:00Z
323,Y5,Scallops - Live In Shell,1466,2020-06-14T02:52:11Z
324,T4,Soup - Cream Of Potato / Leek,731,2020-06-12T05:01:56Z
325,I8,Soap - Hand Soap,807,2020-06-10T12:56:00Z
326,Z9,Schnappes Peppermint - Walker,1231,2020-06-29T03:28:31Z
327,R5,Liners - Banana,421,2020-06-16T18:51:06Z
328,D7,Pepsi - 600ml,908,2020-06-15T05:26:32Z
329,X6,Pepper - White,951,2020-06-29T11:49:47Z
330,G3,Red Currant Jelly,1033,2020-06-06T23:16:13Z
331,A6,Marjoram - Dried,993,2020-06-22T11:31:10Z
332,L7,Wine - Sherry Dry Sack,1147,2020-06-14T01:13:22Z
333,H1,Goat - Whole Cut,570,2020-06-27T19:21:53Z
334,J4,Tomato - Green,417,2020-06-12T06:41:13Z
335,L2,Muffin Hinge 117n,839,2020-06-13T22:23:02Z
336,P1,Sage Derby,553,2020-06-26T00:10:47Z
337,N2,Curry Paste - Green Masala,1019,2020-06-23T08:19:41Z
338,S2,Orange - Canned,806,2020-06-25T12:56:01Z
339,A7,Cake - Box Window 10x10x2.5,1399,2020-06-25T00:40:01Z
340,C1,Chocolate - Mi - Amere Semi,868,2020-06-27T08:50:05Z
341,K3,Hot Choc Vending,1064,2020-06-09T10:28:18Z
342,Z4,Syrup - Monin - Granny Smith,1023,2020-06-24T10:50:13Z
343,J5,Split Peas - Green,1253,2020-06-11T18:51:43Z
344,G8,Muffin Mix - Morning Glory,908,2020-06-08T12:38:09Z
345,Z7,Oil - Sesame,907,2020-06-28T14:07:38Z
346,Y5,Ice Cream Bar - Rolo Cone,920,2020-06-26T03:01:18Z
347,C6,Bay Leaf,1069,2020-06-03T17:37:29Z
348,T7,Tomatoes - Heirloom,841,2020-06-17T04:53:23Z
349,U2,Soup Knorr Chili With Beans,1089,2020-06-18T21:08:13Z
350,V5,Wine - Mondavi Coastal Private,954,2020-06-22T22:33:38Z
351,K4,Cheese - Cheddar With Claret,1107,2020-06-28T00:43:10Z
352,B2,Table Cloth 54x54 White,1130,2020-06-22T07:09:10Z
353,O3,Flower - Dish Garden,1130,2020-06-08T21:13:57Z
354,R4,Grand Marnier,1142,2020-06-22T00:56:34Z
355,P3,Ezy Change Mophandle,1256,2020-06-21T11:49:31Z
356,B3,Wine - Magnotta,1166,2020-06-18T14:35:47Z
357,Q1,Muffin Batt - Blueberry Passion,987,2020-06-21T20:03:17Z
358,T0,Tart Shells - Sweet,486,2020-06-20T18:48:36Z
359,B5,Jam - Raspberry,1093,2020-06-28T18:53:59Z
360,Y6,Shrimp - 21/25,795,2020-06-17T17:40:56Z
361,D5,Cauliflower,641,2020-06-13T20:29:03Z
362,J8,Wine - Gato Negro Cabernet,427,2020-06-11T21:36:37Z
363,M7,Island Oasis - Raspberry,1316,2020-06-07T00:47:04Z
364,T2,Coffee - French Vanilla Frothy,1120,2020-06-04T08:29:36Z
365,E6,Wine - Magnotta,1750,2020-06-20T14:13:03Z
366,X3,Wine - Wyndham Estate Bin 777,709,2020-06-25T08:08:04Z
367,I6,Beets - Mini Golden,911,2020-06-05T10:07:52Z
368,A9,Cookie Dough - Peanut Butter,1000,2020-06-07T09:15:12Z
369,H3,Beef Dry Aged Tenderloin Aaa,1070,2020-06-12T05:11:07Z
370,P8,Bread - Pullman,734,2020-06-08T11:43:51Z
371,A9,Tea - Earl Grey,1398,2020-06-24T13:04:17Z
372,L7,Pasta - Lasagna,1265,2020-06-11T22:13:54Z
373,R6,Cookie Chocolate Chip With,1018,2020-06-20T13:30:21Z
374,C2,Carbonated Water - White Grape,1204,2020-06-25T02:26:19Z
375,V8,Salami - Genova,1082,2020-06-15T21:18:14Z
376,H1,Compound - Mocha,837,2020-06-11T06:29:36Z
377,E3,Swiss Chard,1065,2020-06-23T02:28:44Z
378,C5,Silicone Parch. 16.3x24.3,934,2020-06-07T18:17:22Z
379,F0,Chocolate - Semi Sweet,994,2020-06-03T11:49:08Z
380,M6,Basil - Fresh,1116,2020-06-13T23:53:47Z
381,T7,Eel - Smoked,768,2020-06-12T11:16:02Z
382,F8,Chinese Foods - Chicken,931,2020-06-16T00:33:13Z
383,F9,Fuji Apples,1153,2020-06-09T11:56:33Z
384,M1,Pasta - Agnolotti - Butternut,943,2020-06-23T16:27:38Z
385,T4,Chicken - White Meat,1377,2020-06-28T15:48:47Z
386,L1,Bread - Malt,1482,2020-06-24T09:21:05Z
387,F1,Pancetta,1143,2020-06-15T19:14:35Z
388,Q3,Yucca,1046,2020-06-25T05:46:25Z
389,F1,Herb Du Provence - Primerba,1022,2020-06-11T05:36:16Z
390,N9,Calypso - Black Cherry Lemonade,762,2020-06-25T12:29:23Z
391,A2,Bread - Hamburger Buns,989,2020-06-16T21:07:13Z
392,W7,Plastic Wrap,1561,2020-06-14T20:22:42Z
393,O0,Pork - Loin,616,2020-06-18T10:35:01Z
394,Y7,Cheese - Asiago,1304,2020-06-26T12:20:20Z
395,M0,Lid - 0090 Clear,1262,2020-06-11T16:21:35Z
396,T8,Towels - Paper / Kraft,1082,2020-06-28T19:37:31Z
397,F8,Sproutsmustard Cress,1117,2020-06-15T16:50:54Z
398,N0,Bread - Sticks,1261,2020-06-17T15:23:33Z
399,X8,Wine - Barossa Valley Estate,761,2020-06-05T03:42:13Z
400,A1,Samosa - Veg,769,2020-06-18T19:10:19Z
401,U4,Arizona - Plum Green Tea,1371,2020-06-21T00:03:28Z
402,T4,Chicken - Diced,819,2020-06-14T07:14:36Z
403,J0,Anchovy Paste - 56 G Tube,1257,2020-06-24T17:07:12Z
404,J2,Potatoes - Mini White 3 Oz,402,2020-06-08T12:02:23Z
405,J5,Pesto - Primerba,1239,2020-06-29T14:31:37Z
406,C0,Wine - Riesling Dr. Pauly,1350,2020-06-28T13:52:47Z
407,B2,Lettuce - Mini Greens,1185,2020-06-19T00:49:18Z
408,N9,Bagel - Plain,1016,2020-06-27T01:08:01Z
409,W1,Initation Crab Meat,979,2020-06-03T20:12:10Z
410,M7,Beef - Tongue,941,2020-06-21T09:13:27Z
411,U8,Ice Cream - Life Savers,841,2020-06-12T21:33:33Z
412,Q3,Jolt Cola,1068,2020-06-22T08:42:13Z
413,T5,Ham - Procutinni,585,2020-06-23T15:48:09Z
414,N8,Jam - Strawberry,714,2020-06-23T14:10:13Z
415,R3,Tea - Black Currant,1022,2020-06-21T22:01:34Z
416,I6,Pork - Shoulder,1249,2020-06-25T07:53:07Z
417,O4,Zucchini - Mini,788,2020-06-22T04:42:45Z
418,G8,Muffin - Bran Ind Wrpd,1084,2020-06-09T12:46:25Z
419,Y0,Quail - Whole,1337,2020-06-18T22:17:10Z
420,U1,Wine - Red Oakridge Merlot,884,2020-06-18T19:50:39Z
421,R0,Dish Towel,1006,2020-06-28T15:13:02Z
422,Y9,Ginsing - Fresh,404,2020-06-01T13:42:56Z
423,T6,Tea - Green,1261,2020-06-22T14:40:19Z
424,U9,Soup - Campbells,1030,2020-06-26T07:35:58Z
425,V1,Fond - Neutral,310,2020-06-18T11:05:58Z
426,G3,Pickles - Gherkins,943,2020-06-11T06:14:29Z
427,R2,Asparagus - White,993,2020-06-21T17:40:20Z
428,P6,Soup Campbells - Italian Wedding,524,2020-06-12T20:20:38Z
429,P5,Flavouring Vanilla Artificial,1033,2020-06-22T17:11:00Z
430,V7,Doilies - 7,964,2020-06-04T22:27:21Z
431,A9,Mushroom - Chanterelle,850,2020-06-21T23:03:09Z
432,N6,Nut - Pecan,1258,2020-06-26T13:15:51Z
433,F0,Scampi Tail,762,2020-06-28T20:17:42Z
434,C4,Pickerel - Fillets,1086,2020-06-15T20:19:09Z
435,O0,Pasta - Orecchiette,1153,2020-06-16T00:52:30Z
436,E4,White Fish - Filets,750,2020-06-18T10:35:51Z
437,X4,Garlic Powder,768,2020-06-15T13:51:18Z
438,N0,Catfish - Fillets,1327,2020-06-03T23:51:55Z
439,Q3,Broom - Push,818,2020-06-13T12:48:38Z
440,J1,Lamb - Whole,896,2020-06-20T18:44:58Z
441,P3,Turkey - Breast,934,2020-06-22T23:33:15Z
442,B7,Juice - Tomato,1237,2020-06-19T09:07:30Z
443,D1,Pear - Halves,618,2020-06-24T04:58:20Z
444,T5,Pastry - Cherry Danish - Mini,640,2020-06-04T10:34:24Z
445,I2,Salmon - Smoked,1306,2020-06-23T10:48:42Z
446,D3,Pumpkin,1021,2020-06-03T02:18:00Z
447,A0,Muskox - French Rack,1209,2020-06-18T20:20:18Z
448,E8,Wine - White,1292,2020-06-22T07:06:35Z
449,L8,Papayas,1446,2020-06-24T00:30:49Z
450,U5,Bag Clear 10 Lb,1093,2020-06-21T08:40:17Z
451,B9,Bread - Roll,1306,2020-06-18T01:21:09Z
452,V3,Wine - Sake,938,2020-06-21T16:04:39Z
453,X1,Truffle - Whole Black Peeled,1421,2020-06-17T16:58:23Z
454,S2,Lamb - Whole,882,2020-06-04T05:42:19Z
455,S2,Wiberg Cure,1122,2020-06-10T08:33:22Z
456,D8,Towel Dispenser,624,2020-06-05T18:21:51Z
457,M2,Appetizer - Mango Chevre,2000,2020-06-04T05:20:23Z
458,R2,Shrimp - Baby,1047,2020-06-03T17:34:27Z
459,W7,Fennel,805,2020-06-24T17:04:19Z
460,D0,Lamb - Ground,1384,2020-06-02T14:38:40Z
461,E6,Grapes - Black,1408,2020-06-03T08:21:08Z
462,G3,Cheese - Romano,1406,2020-06-23T11:39:53Z
463,M0,Buffalo - Short Rib Fresh,940,2020-06-15T06:05:35Z
464,K3,Pants Custom Dry Clean,1043,2020-06-25T16:19:58Z
465,F1,Wine - Dubouef Macon - Villages,889,2020-06-28T09:47:21Z
466,R9,Lobster - Live,1260,2020-06-26T17:50:26Z
467,N7,Veal - Insides,1100,2020-06-26T15:19:11Z
468,R3,Beer - Pilsner Urquell,1371,2020-06-27T04:52:05Z
469,P6,Pur Value,719,2020-06-08T09:56:49Z
470,N6,Tomato - Plum With Basil,834,2020-06-15T12:12:46Z
471,V7,Asparagus - Green,1067,2020-06-27T05:40:49Z
472,Y6,Apple - Delicious,987,2020-06-26T04:36:20Z
473,R3,Pasta - Linguini,1099,2020-06-24T11:19:48Z
474,K1,Pate - Liver,1175,2020-06-15T07:10:44Z
475,H4,Peach - Halves,693,2020-06-21T00:27:05Z
476,J8,Juice - Orange,945,2020-06-04T20:04:43Z
477,A2,Soup Campbells - Italian Wedding,952,2020-06-05T20:18:22Z
478,L9,Cheese - Victor Et Berthold,833,2020-06-06T10:46:09Z
479,O8,Cake - French Pear Tart,747,2020-06-20T22:55:18Z
480,T7,Beer - Original Organic Lager,1028,2020-06-14T03:48:57Z
481,F2,Dill - Primerba,588,2020-06-27T12:15:22Z
482,B0,Longos - Grilled Veg Sandwiches,377,2020-06-04T17:47:02Z
483,C6,Spic And Span All Purpose,971,2020-06-09T12:14:19Z
484,N5,Chocolate Bar - Oh Henry,1181,2020-06-22T05:43:34Z
485,S3,Mushrooms - Honey,986,2020-06-08T06:52:59Z
486,N5,Beef - Rouladin,864,2020-06-29T15:51:50Z
487,K1,Cheese - La Sauvagine,1549,2020-06-27T04:33:40Z
488,V8,Rabbit - Saddles,1516,2020-06-10T01:15:28Z
489,I5,Couscous,994,2020-06-06T12:56:04Z
490,S2,Melon - Honey Dew,1034,2020-06-16T06:39:18Z
491,G3,Cheese - Wine,930,2020-06-03T16:01:19Z
492,N3,Soup - Campbells Beef Stew,994,2020-06-27T19:07:10Z
493,P5,Soup - Verve - Chipotle Chicken,774,2020-06-10T12:24:27Z
494,F8,Beef - Roasted,1439,2020-06-20T16:00:38Z
495,K6,Pepperoni Slices,1116,2020-06-11T21:46:30Z
496,W0,Muffin - Bran Ind Wrpd,1275,2020-06-22T17:04:06Z
497,I5,Mix - Cappucino Cocktail,933,2020-06-25T00:53:14Z
498,N9,Pears - Anjou,994,2020-06-23T07:43:18Z
499,J2,Tuna - Sushi Grade,724,2020-06-04T17:43:33Z
500,H3,Ice Cream Bar - Hagen Daz,832,2020-06-23T10:15:35Z
501,V4,Pork - Sausage Casing,1192,2020-06-16T20:48:44Z
502,S1,Coffee Cup 8oz 5338cd,777,2020-06-27T16:49:35Z
503,L3,Wine - Remy Pannier Rose,796,2020-06-28T03:57:28Z
504,Y8,Oil - Cooking Spray,1498,2020-06-20T16:35:26Z
505,B1,Juice - Prune,1267,2020-06-03T13:37:59Z
506,Q9,Juice - Apple,1842,2020-06-25T09:32:04Z
507,E3,Coconut - Shredded,1454,2020-06-28T08:09:53Z
508,K0,Corn - Cream,922,2020-06-23T10:14:58Z
509,T8,Flour - Teff,515,2020-06-27T17:02:15Z
510,N1,Bread - Italian Roll With Herbs,1100,2020-06-04T19:17:08Z
511,Y6,Pepper - Green,1178,2020-06-03T09:00:41Z
512,O6,Tea - Orange Pekoe,1160,2020-06-24T10:37:54Z
513,C7,Beef - Striploin Aa,977,2020-06-10T04:25:55Z
514,I8,Chutney Sauce,468,2020-06-29T19:39:51Z
515,L8,Bread - Pita,1048,2020-06-15T09:01:38Z
516,G5,Bread - Roll,936,2020-06-24T16:47:20Z
517,S0,Ecolab Silver Fusion,1078,2020-06-26T08:14:09Z
518,M6,Food Colouring - Pink,1422,2020-06-29T14:19:26Z
519,I4,Tray - Foam,794,2020-06-20T10:37:16Z
520,V6,Coffee Guatemala Dark,1449,2020-06-22T12:53:34Z
521,H4,Pasta - Angel Hair,1267,2020-06-26T15:07:33Z
522,E5,Bread Base - Italian,1075,2020-06-06T20:20:59Z
523,E4,Mushroom - Lg - Cello,539,2020-06-17T00:51:52Z
524,C0,Sauce Tomato Pouch,1248,2020-06-14T11:09:01Z
525,R5,Wine - Ruffino Chianti,771,2020-06-28T09:08:36Z
526,X0,Wine - Vouvray Cuvee Domaine,1602,2020-06-01T04:20:26Z
527,W8,Juice - Cranberry 284ml,527,2020-06-11T17:57:57Z
528,B4,Tea - Herbal I Love Lemon,1317,2020-06-04T14:34:05Z
529,Q1,Wine - White,720,2020-06-19T23:15:32Z
530,A5,Squash - Acorn,1163,2020-06-25T21:43:35Z
531,B0,Ecolab Silver Fusion,1252,2020-06-20T11:00:08Z
532,L6,Beef - Tongue,896,2020-06-09T17:13:54Z
533,X5,Garam Marsala,671,2020-06-09T09:17:41Z
534,P6,Flour Dark Rye,530,2020-06-08T03:15:14Z
535,P2,Tea - Grapefruit Green Tea,975,2020-06-27T18:55:10Z
536,N8,Lettuce - Radicchio,707,2020-06-24T22:26:13Z
537,R2,Beets,832,2020-06-12T09:53:43Z
538,Y3,Beef - Cooked,858,2020-06-25T19:52:45Z
539,T0,Lime Cordial - Roses,690,2020-06-02T07:31:50Z
540,H3,Soap - Pine Sol Floor Cleaner,993,2020-06-01T10:40:55Z
541,H6,Peppercorns - Green,886,2020-06-23T23:57:33Z
542,R8,Chicken - Leg,1094,2020-06-26T12:25:38Z
543,J1,Tofu - Firm,1401,2020-06-15T09:59:57Z
544,F0,Pastry - Baked Cinnamon Stick,1118,2020-06-12T19:19:05Z
545,S6,Kellogs All Bran Bars,1419,2020-06-15T06:39:04Z
546,N4,Jam - Apricot,1018,2020-06-10T11:24:39Z
547,C2,Wine - Maipo Valle Cabernet,559,2020-06-18T15:41:35Z
548,B5,Chicken - Livers,1349,2020-06-03T10:59:47Z
549,U8,Vinegar - Balsamic,1322,2020-06-21T23:53:10Z
550,S1,Shichimi Togarashi Peppeers,888,2020-06-07T07:26:52Z
551,I4,Cherries - Fresh,897,2020-06-21T21:23:40Z
552,L9,Island Oasis - Peach Daiquiri,1442,2020-06-09T13:57:30Z
553,D1,Fish - Scallops,1281,2020-06-12T13:01:19Z
554,Z3,Everfresh Products,901,2020-06-24T14:02:58Z
555,L3,Pail - 4l White,1232,2020-06-01T22:39:34Z
556,D6,Trueblue - Blueberry 12x473ml,1499,2020-06-08T22:10:23Z
557,Y2,Rosemary - Primerba,1119,2020-06-28T02:52:01Z
558,U2,Capicola - Hot,1742,2020-06-21T06:46:40Z
559,L0,Red Snapper - Fresh,1149,2020-06-21T12:59:11Z
560,D9,Fruit Salad Deluxe,881,2020-06-14T02:38:07Z
561,L7,Skirt - 29 Foot,910,2020-06-11T15:02:46Z
562,B2,Grand Marnier,491,2020-06-16T14:26:17Z
563,O0,Sauce - Thousand Island,474,2020-06-08T20:47:18Z
564,P4,Longos - Grilled Veg Sandwiches,1319,2020-06-14T04:46:50Z
565,E0,Table Cloth 81x81 Colour,697,2020-06-26T20:27:55Z
566,X1,Pork - Bacon Cooked Slcd,1326,2020-06-03T00:38:25Z
567,M9,Venison - Liver,1436,2020-06-18T06:06:11Z
568,J7,Lettuce - Sea / Sea Asparagus,816,2020-06-23T13:04:06Z
569,W6,Cheese - Provolone,727,2020-06-12T15:20:06Z
570,X9,Pork - Back,1491,2020-06-25T06:06:04Z
571,N0,Petit Baguette,897,2020-06-06T18:50:04Z
572,Q1,Pasta - Cannelloni,966,2020-06-25T17:14:26Z
573,L1,Cheese - Brie,1038,2020-06-09T23:08:49Z
574,U1,Table Cloth 54x54 White,1129,2020-06-15T17:44:12Z
575,X7,Silicone Paper 16.5x24,1096,2020-06-19T09:35:56Z
576,N3,Tortillas - Flour,1683,2020-06-20T03:13:47Z
577,F2,Hersey Shakes,747,2020-06-05T19:39:49Z
578,M9,Pork - Loin,746,2020-06-13T00:32:09Z
579,W9,Cake Circle,794,2020-06-05T05:30:56Z
580,T8,Squid - U - 10 Thailand,1369,2020-06-27T07:04:38Z
581,F1,Shark - Loin,1578,2020-06-29T06:48:01Z
582,V0,Milkettes - 2%,1069,2020-06-01T05:11:19Z
583,E1,Veal - Leg,1234,2020-06-26T20:39:20Z
584,V1,Oil - Truffle,929,2020-06-22T16:44:16Z
585,W4,Wine - Jaboulet Cotes Du Rhone,492,2020-06-18T07:33:18Z
586,T3,Ocean Spray - Ruby Red,1386,2020-06-27T19:55:16Z
587,Z5,Bar Nature Valley,798,2020-06-25T23:33:37Z
588,W3,Chef Hat 25cm,922,2020-06-10T00:24:03Z
589,Y5,Straw - Regular,1128,2020-06-21T05:11:46Z
590,W7,Pepper - Black,681,2020-06-09T00:02:00Z
591,N7,Cumin - Ground,456,2020-06-06T18:17:21Z
592,S6,External Supplier,1320,2020-06-01T02:35:43Z
593,R4,Bread - Dark Rye,1287,2020-06-28T20:49:39Z
594,E0,Beef - Top Sirloin,953,2020-06-08T13:10:20Z
595,F2,Pasta - Canelloni,1154,2020-06-08T02:47:40Z
596,Y2,Lemonade - Pineapple Passion,1031,2020-06-23T08:09:20Z
597,F4,Shrimp - 16/20,1020,2020-06-05T21:57:10Z
598,K0,Lettuce - Mini Greens,459,2020-06-12T14:45:14Z
599,X7,Muffins - Assorted,1142,2020-06-12T04:45:24Z
600,A3,Chicken - Whole Roasting,467,2020-06-17T02:10:02Z
601,J6,Lamb - Pieces,892,2020-06-21T03:04:02Z
602,V0,Chips Potato Reg 43g,675,2020-06-28T20:18:15Z
603,P0,Vermacelli - Sprinkles,691,2020-06-24T13:51:48Z
604,Z2,Cheese - Blue,1330,2020-06-18T01:50:11Z
605,N1,Cakes Assorted,724,2020-06-24T08:02:40Z
606,I5,Crackers - Water,935,2020-06-02T15:56:55Z
607,A4,Capon - Whole,909,2020-06-29T01:59:45Z
608,O4,Broom Handle,1425,2020-06-15T10:36:23Z
609,L8,Black Currants,895,2020-06-14T15:36:59Z
610,Q3,Cardamon Ground,1119,2020-06-22T00:28:02Z
611,I3,Crackers Cheez It,1319,2020-06-14T10:06:20Z
612,P4,Wild Boar - Tenderloin,950,2020-06-20T15:11:37Z
613,I6,Squeeze Bottle,995,2020-06-10T05:57:11Z
614,R7,Tray - Foam,663,2020-06-16T15:31:56Z
615,M6,Beans - Butter Lrg Lima,812,2020-06-18T22:49:36Z
616,T9,Pan Grease,1296,2020-06-28T16:01:34Z
617,D1,Spice - Greek 1 Step,1640,2020-06-09T08:25:03Z
618,G9,Lettuce - Boston Bib - Organic,721,2020-06-02T00:25:09Z
619,E2,Cheese - Feta,1168,2020-06-28T05:36:14Z
620,F4,Chocolate Liqueur - Godet White,1443,2020-06-17T18:13:03Z
621,J2,Cherries - Fresh,1363,2020-06-26T22:43:15Z
622,T5,Bay Leaf Fresh,409,2020-06-13T06:15:11Z
623,H9,Appetizer - Shrimp Puff,862,2020-06-24T19:15:55Z
624,P5,Rosemary - Dry,1222,2020-06-25T23:32:52Z
625,W5,Appetizer - Southwestern,770,2020-06-12T19:59:13Z
626,N6,Table Cloth 90x90 White,1019,2020-06-20T08:35:22Z
627,J9,Grenadine,1749,2020-06-02T10:23:55Z
628,B0,Alize Sunset,1573,2020-06-25T00:09:57Z
629,J4,Sobe - Orange Carrot,691,2020-06-17T06:13:19Z
630,R8,Wine - Prem Select Charddonany,1225,2020-06-22T01:44:25Z
631,S8,Wine - Prosecco Valdobienne,842,2020-06-09T01:44:21Z
632,S3,Pork - Bacon,900,2020-06-29T01:40:43Z
633,O9,Kolrabi,1041,2020-06-20T12:55:42Z
634,H0,Mustard - Pommery,592,2020-06-21T17:58:18Z
635,H8,Cut Wakame - Hanawakaba,919,2020-06-02T21:44:56Z
636,E2,Carrots - Mini Red Organic,1355,2020-06-15T09:17:51Z
637,N5,Pepper - Sorrano,1316,2020-06-10T04:43:22Z
638,D9,Cardamon Ground,1187,2020-06-13T13:01:43Z
639,H7,Sprouts - Onion,1186,2020-06-18T17:06:48Z
640,Y1,Silicone Parch. 16.3x24.3,1192,2020-06-13T20:03:52Z
641,E9,Pomello,700,2020-06-11T07:18:04Z
642,C5,Wakami Seaweed,1374,2020-06-10T05:23:40Z
643,D2,Thyme - Dried,1432,2020-06-19T15:26:49Z
644,H2,Lemonade - Natural,528,2020-06-06T13:37:56Z
645,J5,Hot Chocolate - Individual,1560,2020-06-26T06:32:21Z
646,B6,Sauce - Black Current,785,2020-06-20T02:14:34Z
647,L2,Pork - Tenderloin,872,2020-06-05T03:41:08Z
648,S1,Wine - White,1021,2020-06-27T16:34:42Z
649,K2,Chicken - Tenderloin,1263,2020-06-01T05:57:38Z
650,W6,Creamers - 10%,666,2020-06-29T23:45:43Z
651,H9,Soup - French Onion,669,2020-06-21T10:03:21Z
652,Q7,Soap - Hand Soap,1143,2020-06-27T03:54:37Z
653,Z0,Beef - Top Butt,606,2020-06-19T10:51:58Z
654,X5,Sage Derby,1047,2020-06-13T10:40:09Z
655,V7,Wine - Valpolicella Masi,1138,2020-06-04T10:48:15Z
656,Q4,Cup - 6oz,1564,2020-06-08T14:02:38Z
657,J8,Gin - Gilbeys London,896,2020-06-23T17:45:41Z
658,X6,Turkey - Whole,1235,2020-06-18T19:58:13Z
659,E0,Veal - Osso Bucco,612,2020-06-02T04:54:56Z
660,K8,Soup - Campbells Asian Noodle,741,2020-06-28T23:46:25Z
661,B8,Initation Crab Meat,1052,2020-06-19T17:29:47Z
662,V5,Stock - Fish,934,2020-06-25T17:36:09Z
663,X8,Bandage - Fexible 1x3,1400,2020-06-01T15:00:58Z
664,P5,Vinegar - Rice,1113,2020-06-29T23:43:02Z
665,Q0,Bread - White,1495,2020-06-12T22:37:18Z
666,U6,Gin - Gilbeys London,1415,2020-06-23T15:31:01Z
667,Z9,Nut - Walnut,555,2020-06-02T10:30:53Z
668,J3,Pastry - Choclate Baked,1444,2020-06-05T14:59:07Z
669,I6,Vinegar - Red Wine,1193,2020-06-29T11:01:09Z
670,Z8,Phyllo Dough,725,2020-06-03T09:21:45Z
671,B6,Tamarind Paste,799,2020-06-12T20:25:20Z
672,D8,Beer - Molson Excel,1241,2020-06-06T19:56:12Z
673,T6,Strawberries - California,1001,2020-06-14T01:30:21Z
674,R8,Crab - Dungeness,865,2020-06-19T02:30:55Z
675,S2,Yeast Dry - Fermipan,1210,2020-06-06T12:35:40Z
676,L8,Pepper - Chillies,1088,2020-06-29T10:21:22Z
677,M4,Sugar - Crumb,863,2020-06-12T01:02:14Z
678,Q1,Zucchini - Yellow,1270,2020-06-12T14:33:45Z
679,V0,Flour - Rye,647,2020-06-21T05:39:20Z
680,J7,Canada Dry,962,2020-06-23T12:19:44Z
681,O4,Arrowroot,1293,2020-06-09T09:44:15Z
682,H0,Sprouts - Corn,1464,2020-06-28T09:03:31Z
683,G8,Chicken - Whole,1306,2020-06-23T13:30:06Z
684,R8,Wine - Blue Nun Qualitatswein,1274,2020-06-22T16:47:21Z
685,S9,Assorted Desserts,903,2020-06-03T03:44:04Z
686,F5,Parsley - Fresh,1635,2020-06-19T02:29:28Z
687,T9,Langers - Ruby Red Grapfruit,840,2020-06-21T23:55:30Z
688,D5,Pineapple - Golden,1186,2020-06-16T16:29:47Z
689,Y5,Liners - Banana,460,2020-06-21T22:44:47Z
690,G2,Madeira,933,2020-06-11T04:04:19Z
691,N7,White Fish - Filets,527,2020-06-09T06:06:36Z
692,F0,The Pop Shoppe Pinapple,1495,2020-06-28T19:41:11Z
693,H6,Puree - Raspberry,1451,2020-06-23T09:03:58Z
694,R5,Hog / Sausage Casing - Pork,1301,2020-06-23T21:29:07Z
695,S0,Wine - Red,887,2020-06-25T03:09:39Z
696,I2,Beer - Heinekin,864,2020-06-29T09:55:28Z
697,I5,Wine - Cava Aria Estate Brut,1163,2020-06-02T13:26:45Z
698,F5,Venison - Denver Leg Boneless,1237,2020-06-26T01:24:09Z
699,B2,Muffin Batt - Carrot Spice,1044,2020-06-13T14:38:08Z
700,U2,Pasta - Fusili,774,2020-06-08T00:02:26Z
701,C8,Carroway Seed,724,2020-06-15T15:47:38Z
702,W0,Sauce - Oyster,1585,2020-06-13T08:47:40Z
703,F9,Pie Shell - 9,1103,2020-06-09T06:24:22Z
704,I9,Sauce - Plum,886,2020-06-03T18:29:29Z
705,W8,Energy Drink Bawls,1146,2020-06-23T15:58:30Z
706,T3,Sauce Tomato Pouch,1029,2020-06-07T16:05:27Z
707,H9,Wine - Rosso Toscano Igt,1223,2020-06-25T15:59:32Z
708,M7,Truffle Shells - White Chocolate,818,2020-06-08T04:04:27Z
709,G2,Wine - Magnotta - Cab Sauv,1047,2020-06-02T12:30:15Z
710,R0,Muffin Orange Individual,1372,2020-06-06T18:28:23Z
711,E2,Mushroom - Trumpet,598,2020-06-21T18:34:45Z
712,K9,Chervil - Fresh,1163,2020-06-06T11:33:08Z
713,U1,Scrubbie - Scotchbrite Hand Pad,1143,2020-06-15T01:51:55Z
714,U2,Mortadella,897,2020-06-02T10:24:01Z
715,D6,Puree - Mocha,724,2020-06-27T04:25:03Z
716,J6,Milk Powder,1374,2020-06-23T12:51:31Z
717,R6,Pepper - Green,884,2020-06-27T06:13:47Z
718,I9,Avocado,719,2020-06-07T14:46:20Z
719,G6,Onions - White,677,2020-06-05T02:57:40Z
720,K3,Nut - Pecan,1420,2020-06-06T14:01:19Z
721,L7,Toamtoes 6x7 Select,1186,2020-06-24T05:05:24Z
722,E1,Island Oasis - Lemonade,1481,2020-06-27T01:59:01Z
723,O4,Taro Leaves,1115,2020-06-25T08:54:49Z
724,V8,Chocolate - Dark Callets,1106,2020-06-16T07:51:47Z
725,X8,Potatoes - Fingerling 4 Oz,818,2020-06-19T21:00:35Z
726,P7,Dill Weed - Fresh,287,2020-06-08T12:01:34Z
727,K9,Plasticknivesblack,1509,2020-06-25T11:36:46Z
728,K1,Cheese - Mozzarella,623,2020-06-09T08:51:50Z
729,B7,Arctic Char - Fresh,1590,2020-06-09T16:34:26Z
730,B2,Breadfruit,953,2020-06-05T08:18:17Z
731,R6,Wine - Magnotta,992,2020-06-28T11:48:36Z
732,D0,Skewers - Bamboo,1123,2020-06-15T13:10:30Z
733,Z9,Chips - Assorted,1174,2020-06-12T12:21:55Z
734,U0,Muffin Batt - Blueberry Passion,996,2020-06-11T03:33:03Z
735,W6,Scampi Tail,1490,2020-06-19T20:27:42Z
736,E7,Almonds Ground Blanched,1484,2020-06-01T08:00:52Z
737,W5,Beets - Pickled,959,2020-06-15T20:40:29Z
738,N7,Pimento - Canned,1265,2020-06-02T21:35:13Z
739,H7,Garlic,975,2020-06-20T16:29:03Z
740,I6,Juice - Cranberry 284ml,991,2020-06-05T19:33:24Z
741,V9,Squid - Breaded,675,2020-06-16T03:07:32Z
742,S9,The Pop Shoppe Pinapple,381,2020-06-28T10:36:04Z
743,X0,Chips Potato All Dressed - 43g,1014,2020-06-06T14:45:52Z
744,A5,Lamb - Leg,956,2020-06-13T17:09:22Z
745,V1,Coconut - Shredded,1078,2020-06-04T12:02:50Z
746,Q7,Bread - Pain Au Liat X12,1268,2020-06-09T02:40:44Z
747,E1,Pastry - Raisin Muffin - Mini,851,2020-06-23T15:32:48Z
748,W3,Muffin Mix - Morning Glory,1020,2020-06-09T00:50:53Z
749,F0,Onions - Dried,1472,2020-06-21T16:25:10Z
750,D2,Tea - Decaf Lipton,737,2020-06-29T18:30:54Z
751,D6,Wine - Saint Emilion Calvet,1530,2020-06-11T10:56:51Z
752,N1,Arizona - Plum Green Tea,1160,2020-06-13T18:25:05Z
753,O5,Wine - Savigny - Les - Beaune,1078,2020-06-09T17:54:39Z
754,S7,Table Cloth 62x114 Colour,1452,2020-06-16T07:32:04Z
755,N4,Oranges - Navel,414,2020-06-13T08:33:34Z
756,Z8,Beer - Paulaner Hefeweisse,1081,2020-06-27T06:52:57Z
757,H5,Sauce - Hp,1207,2020-06-26T15:40:59Z
758,W5,Mushroom - Enoki,1295,2020-06-17T01:39:45Z
759,M7,Red Cod Fillets - 225g,720,2020-06-20T11:41:27Z
760,K6,Chicken - White Meat,1225,2020-06-03T10:56:33Z
761,Q0,Huck White Towels,1135,2020-06-24T20:20:49Z
762,F4,Wine - Vouvray Cuvee Domaine,1372,2020-06-27T11:53:01Z
763,W7,Longos - Penne With Pesto,457,2020-06-01T19:07:58Z
764,K5,Sugar - Invert,1153,2020-06-02T00:48:38Z
765,U2,Water - Tonic,953,2020-06-16T13:15:45Z
766,A0,Beef - Tenderloin Tails,796,2020-06-26T18:10:47Z
767,Y3,Oil - Truffle,405,2020-06-08T05:38:47Z
768,N4,Muffin Carrot - Individual,818,2020-06-01T13:08:47Z
769,C0,Chips - Miss Vickies,1389,2020-06-23T05:44:27Z
770,B8,Arctic Char - Fresh,850,2020-06-29T21:43:02Z
771,Y4,Garlic - Elephant,995,2020-06-29T14:03:28Z
772,E1,Trout - Rainbow,755,2020-06-03T14:56:57Z
773,O5,Tomatoes - Hot House,1087,2020-06-14T07:15:48Z
774,Y8,Appetizer - Southwestern,710,2020-06-21T17:43:40Z
775,L5,Baking Soda,777,2020-06-27T11:28:19Z
776,A9,Mussels - Cultivated,1005,2020-06-24T10:11:25Z
777,L5,Sunflower Seed Raw,1481,2020-06-18T02:13:57Z
778,S8,Tomato - Tricolor Cherry,1200,2020-06-16T04:00:27Z
779,I2,Cups 10oz Trans,943,2020-06-11T20:27:21Z
780,P9,Sponge Cake Mix - Vanilla,1407,2020-06-24T01:53:32Z
781,W3,Mudslide,1069,2020-06-09T18:58:52Z
782,K0,Chocolate - Milk,919,2020-06-23T09:02:33Z
783,R8,Island Oasis - Pina Colada,1535,2020-06-14T03:08:44Z
784,E2,Wine - Gewurztraminer Pierre,1246,2020-06-10T16:58:30Z
785,D9,Versatainer Nc - 9388,294,2020-06-28T09:40:50Z
786,W4,Tea - Herbal - 6 Asst,804,2020-06-04T04:30:49Z
787,E4,Neckerchief Blck,1027,2020-06-18T08:45:07Z
788,U4,Cheese - Cottage Cheese,546,2020-06-04T01:58:44Z
789,R1,Mushroom - Oyster,841,2020-06-14T21:10:50Z
790,L3,Soup - French Onion,510,2020-06-13T16:02:03Z
791,P5,Fenngreek Seed,1244,2020-06-25T00:26:37Z
792,X9,Tart - Lemon,973,2020-06-06T01:19:39Z
793,Y3,Squash - Pattypan,929,2020-06-21T16:56:32Z
794,V7,Foil - 4oz Custard Cup,850,2020-06-24T22:52:09Z
795,I7,Cookies - Englishbay Wht,1000,2020-06-22T19:59:18Z
796,R5,Pastry - Cherry Danish - Mini,1292,2020-06-20T05:29:34Z
797,V5,Ocean Spray - Ruby Red,1329,2020-06-09T20:54:57Z
798,T5,Pork Casing,855,2020-06-19T09:06:21Z
799,G4,Spinach - Packaged,1240,2020-06-13T04:45:18Z
800,K7,Cheese - Victor Et Berthold,1355,2020-06-06T01:41:09Z
801,V4,Langers - Ruby Red Grapfruit,1150,2020-06-12T11:34:46Z
802,B2,Butter - Pod,1056,2020-06-01T02:23:25Z
803,L6,Broccoli - Fresh,715,2020-06-26T23:00:26Z
804,G7,Bols Melon Liqueur,452,2020-06-15T10:31:57Z
805,V4,Juice - Apple,589,2020-06-16T10:01:46Z
806,F0,Soap - Hand Soap,1294,2020-06-17T22:02:26Z
807,O3,Wasabi Powder,1111,2020-06-04T10:52:00Z
808,Y9,Juice - Lemon,837,2020-06-11T20:25:11Z
809,A6,Sardines,806,2020-06-17T08:14:33Z
810,F7,Beef - Baby,610,2020-06-01T22:47:48Z
811,T6,Versatainer Nc - 888,1076,2020-06-23T02:50:17Z
812,Y8,Coffee - Cafe Moreno,1314,2020-06-20T15:47:21Z
813,M6,Devonshire Cream,1391,2020-06-01T06:40:04Z
814,N1,Tea - Orange Pekoe,1094,2020-06-27T04:00:05Z
815,J4,Muffin Puck Ww Carrot,1577,2020-06-23T11:58:25Z
816,Q2,Oil - Shortening,774,2020-06-06T14:38:21Z
817,V3,Soup - Boston Clam Chowder,897,2020-06-01T16:15:46Z
818,E6,Bread - French Baquette,793,2020-06-26T13:23:19Z
819,S0,Taro Root,416,2020-06-01T14:50:02Z
820,H0,Pork - Loin,766,2020-06-12T04:50:43Z
821,Q2,Island Oasis - Peach Daiquiri,1488,2020-06-24T13:15:25Z
822,A0,Sole - Fillet,672,2020-06-16T08:53:17Z
823,N0,Stock - Beef,1035,2020-06-15T00:58:38Z
824,X1,Pasta - Elbows,1010,2020-06-18T21:45:21Z
825,I0,Soy Protein,985,2020-06-25T22:21:19Z
826,E9,Paste - Black Olive,891,2020-06-29T14:16:40Z
827,U3,Wine - White,1027,2020-06-01T18:12:36Z
828,M6,Wine - Tio Pepe Sherry Fino,1240,2020-06-24T13:23:45Z
829,B1,Apple - Royal Gala,1317,2020-06-26T19:02:11Z
830,S4,Fennel,1292,2020-06-24T01:24:55Z
831,U4,Wine - Alsace Riesling Reserve,978,2020-06-05T03:27:12Z
832,Y8,Salt And Pepper Mix - Black,1429,2020-06-22T08:50:58Z
833,W5,Foie Gras,1262,2020-06-11T16:33:11Z
834,F3,Sauce - Bernaise,934,2020-06-17T20:56:57Z
835,B6,Tuna - Salad Premix,1492,2020-06-11T19:53:53Z
836,G0,Beer - Mcauslan Apricot,1190,2020-06-24T22:54:31Z
837,B9,Beef - Ground Medium,481,2020-06-28T19:16:24Z
838,E9,Quail - Whole,514,2020-06-25T09:03:21Z
839,B2,Chocolate - Semi Sweet,760,2020-06-23T03:13:20Z
840,H8,Sauce - Ranch Dressing,911,2020-06-25T02:08:51Z
841,C1,Apples - Spartan,888,2020-06-20T00:23:24Z
842,G6,Flour - Buckwheat,1192,2020-06-03T21:35:26Z
843,J1,Icecream - Dibs,1031,2020-06-10T09:45:35Z
844,C6,Ice Cream Bar - Hagen Daz,911,2020-06-14T14:29:39Z
845,V8,Lobster - Baby,897,2020-06-06T09:35:12Z
846,A9,Juice - Grape,1250,2020-06-23T15:23:51Z
847,R1,Cookies - Englishbay Chochip,481,2020-06-02T16:21:47Z
848,T0,Bread - White,598,2020-06-08T06:12:51Z
849,T5,Oil - Food,528,2020-06-01T08:13:55Z
850,A9,Beef - Ground Medium,1271,2020-06-12T01:12:29Z
851,Y7,Lighter - Bbq,1389,2020-06-05T23:57:04Z
852,I4,Chocolate - Dark,1020,2020-06-24T14:59:47Z
853,L2,Brandy Apricot,970,2020-06-21T23:19:15Z
854,Z7,Wine - Taylors Reserve,870,2020-06-04T21:48:42Z
855,K3,Ecolab - Mikroklene 4/4 L,685,2020-06-17T07:47:14Z
856,Z0,Red Snapper - Fillet,487,2020-06-26T14:54:09Z
857,M4,Bread - 10 Grain Parisian,569,2020-06-24T22:22:39Z
858,T1,Beef - Baby,1648,2020-06-22T15:54:53Z
859,L0,Cream - 10%,447,2020-06-26T05:01:33Z
860,S3,Chicken - Livers,786,2020-06-17T17:36:23Z
861,N9,Wine - Tio Pepe Sherry Fino,1071,2020-06-18T03:09:54Z
862,Q6,Mudslide,795,2020-06-07T18:47:53Z
863,F0,Kellogs Cereal In A Cup,1334,2020-06-09T16:17:12Z
864,Y2,Steel Wool S.o.s,1515,2020-06-16T03:16:48Z
865,E7,Ecolab Silver Fusion,852,2020-06-02T04:21:39Z
866,O4,Mix - Cocktail Strawberry Daiquiri,820,2020-06-26T09:04:10Z
867,D5,Soup - Campbells,677,2020-06-25T21:21:27Z
868,Y7,Cherries - Bing,700,2020-06-14T19:49:07Z
869,C9,Kolrabi,1026,2020-06-11T18:24:02Z
870,O5,Fondant - Icing,403,2020-06-04T23:33:04Z
871,G4,Cauliflower,1503,2020-06-12T01:36:02Z
872,D2,Buffalo - Tenderloin,735,2020-06-02T05:54:02Z
873,X1,Water - Aquafina Vitamin,-79,2020-06-08T11:24:40Z
874,M7,Bagel - Plain,1352,2020-06-08T07:38:02Z
875,K5,Chicken - Livers,291,2020-06-04T06:40:11Z
876,J3,Beer - Labatt Blue,1407,2020-06-02T23:06:31Z
877,D9,Jerusalem Artichoke,893,2020-06-05T07:45:28Z
878,O7,Lemonade - Kiwi,983,2020-06-19T17:05:05Z
879,B9,Mousse - Passion Fruit,780,2020-06-19T01:17:09Z
880,B4,Chinese Lemon Pork,1122,2020-06-09T04:37:20Z
881,N4,Coffee - Colombian,985,2020-06-17T15:13:56Z
882,O4,Wine - Toasted Head,1306,2020-06-15T13:34:37Z
883,Z3,Dip - Tapenade,1075,2020-06-17T04:50:40Z
884,R6,Tart Shells - Sweet,601,2020-06-04T20:55:42Z
885,U3,Chicken - Ground,1382,2020-06-23T16:44:54Z
886,V7,Sauce - Black Current,1428,2020-06-13T14:07:09Z
887,N8,Cheese - Goat,1241,2020-06-23T13:00:06Z
888,S6,Wine - Pinot Noir Stoneleigh,652,2020-06-13T20:24:01Z
889,G2,Spinach - Frozen,714,2020-06-26T03:49:04Z
890,J2,Beef - Shank,1482,2020-06-29T21:41:49Z
891,L8,Flour - Semolina,1127,2020-06-10T04:47:28Z
892,R3,Blueberries,562,2020-06-09T02:25:30Z
893,R4,Gloves - Goldtouch Disposable,511,2020-06-25T14:12:53Z
894,H2,Truffle - Whole Black Peeled,1727,2020-06-14T09:51:53Z
895,D5,Cheese - Comtomme,989,2020-06-17T22:45:58Z
896,K6,Bread Fig And Almond,1108,2020-06-26T18:15:37Z
897,Y0,Sauce - Bernaise,1081,2020-06-06T09:30:28Z
898,K4,Beef - Top Butt Aaa,993,2020-06-18T20:10:45Z
899,I1,Pasta - Linguini,938,2020-06-11T03:58:48Z
900,C6,Filter - Coffee,202,2020-06-18T22:39:13Z
901,T1,Plastic Arrow Stir Stick,1354,2020-06-19T15:56:02Z
902,H1,Kolrabi,972,2020-06-08T08:02:19Z
903,G0,Magnotta Bel Paese Red,751,2020-06-17T18:09:37Z
904,S4,Crab - Soft Shell,979,2020-06-14T08:09:31Z
905,L4,Tomato - Green,496,2020-06-20T03:35:45Z
906,T2,Flavouring - Rum,1377,2020-06-24T10:59:13Z
907,N2,Club Soda - Schweppes,1005,2020-06-07T16:33:14Z
908,C1,Muffin Mix - Carrot,1498,2020-06-08T01:59:01Z
909,N4,Pastry - Plain Baked Croissant,1231,2020-06-15T07:17:05Z
910,Z8,Lemonade - Black Cherry,1571,2020-06-15T01:03:56Z
911,Y0,Lychee - Canned,733,2020-06-11T09:46:40Z
912,W3,Ecolab - Power Fusion,1103,2020-06-16T17:12:17Z
913,T1,Cheese - Feta,1303,2020-06-13T14:11:22Z
914,H2,Lettuce - Spring Mix,543,2020-06-19T11:04:13Z
915,X9,Bagel - 12 Grain Preslice,1551,2020-06-23T15:13:07Z
916,D0,Bread - Roll,953,2020-06-21T23:25:30Z
917,Z2,Fruit Salad Deluxe,1394,2020-06-11T05:20:50Z
918,X5,Wine - Prosecco Valdobienne,1119,2020-06-13T01:45:08Z
919,H0,Soup - Knorr,657,2020-06-16T04:41:48Z
920,Y1,Bagel - Sesame Seed Presliced,1266,2020-06-10T20:04:51Z
921,C3,Remy Red Berry Infusion,935,2020-06-08T07:30:15Z
922,D9,Napkin - Dinner,1189,2020-06-01T15:28:13Z
923,A0,Beef - Diced,1168,2020-06-03T02:57:35Z
924,D2,Egg - Salad Premix,291,2020-06-24T16:09:45Z
925,V4,Tahini Paste,1194,2020-06-13T02:50:20Z
926,N3,Chicken - Wieners,1234,2020-06-09T12:14:45Z
927,Y5,Wasabi Paste,957,2020-06-24T14:06:23Z
928,B6,Roe - Flying Fish,673,2020-06-03T00:02:11Z
929,Z6,Assorted Desserts,1091,2020-06-05T11:34:21Z
930,J1,Sausage - Blood Pudding,1486,2020-06-14T23:21:24Z
931,Y0,Salami - Genova,901,2020-06-19T21:57:57Z
932,I2,Wine - Puligny Montrachet A.,1328,2020-06-24T08:32:03Z
933,M6,Appetizer - Mango Chevre,1247,2020-06-24T18:37:29Z
934,C7,Cream - 35%,1572,2020-06-09T14:15:21Z
935,O6,Thyme - Dried,1172,2020-06-29T06:00:13Z
936,W8,Canadian Emmenthal,814,2020-06-16T06:51:48Z
937,E3,Carbonated Water - Blackcherry,1212,2020-06-29T16:40:24Z
938,T5,Garlic - Peeled,848,2020-06-01T10:22:49Z
939,W8,Dc - Sakura Fu,1436,2020-06-09T09:13:50Z
940,D9,Muffin Mix - Chocolate Chip,518,2020-06-24T05:01:06Z
941,A6,Rice - 7 Grain Blend,1090,2020-06-28T22:51:47Z
942,P2,Bagelers - Cinn / Brown Sugar,1297,2020-06-22T23:14:58Z
943,L7,Pastry - Apple Muffins - Mini,1538,2020-06-16T07:08:40Z
944,N6,Tea - Earl Grey,600,2020-06-18T23:27:14Z
945,W5,Lady Fingers,1189,2020-06-10T07:21:01Z
946,I5,Potatoes - Parissienne,895,2020-06-08T03:28:03Z
947,H6,Phyllo Dough,967,2020-06-11T11:40:36Z
948,M5,Campari,974,2020-06-08T10:19:07Z
949,Z0,Parasol Pick Stir Stick,1145,2020-06-24T21:43:52Z
950,M3,Sauce - Rosee,1284,2020-06-22T19:54:59Z
951,Q4,Carbonated Water - Wildberry,1019,2020-06-10T15:43:33Z
952,E4,Flour - Whole Wheat,519,2020-06-06T12:01:16Z
953,P3,Kellogs Cereal In A Cup,710,2020-06-11T23:51:22Z
954,E5,Pimento - Canned,772,2020-06-23T05:01:09Z
955,I3,Cheese - Swiss Sliced,1069,2020-06-12T16:35:13Z
956,X3,Papadam,1246,2020-06-13T12:38:03Z
957,R1,Kumquat,1130,2020-06-08T18:03:44Z
958,H1,Cheese - Colby,734,2020-06-08T07:59:20Z
959,T8,Mcguinness - Blue Curacao,939,2020-06-23T09:02:08Z
960,T6,Dooleys Toffee,1166,2020-06-26T07:11:39Z
961,F5,Onions Granulated,664,2020-06-08T00:49:01Z
962,O0,Cream Of Tartar,1165,2020-06-20T17:00:22Z
963,S7,The Pop Shoppe - Root Beer,1001,2020-06-19T05:19:53Z
964,F8,Placemat - Scallop,1144,2020-06-14T17:45:27Z
965,V1,Pepper - Green Thai,1291,2020-06-14T21:43:16Z
966,V2,Beans - Green,1476,2020-06-14T12:30:55Z
967,I9,Mikes Hard Lemonade,1407,2020-06-22T16:47:03Z
968,J8,Rice - Jasmine Sented,884,2020-06-13T11:19:47Z
969,U8,Syrup - Monin - Granny Smith,992,2020-06-21T10:14:40Z
970,Y8,Yeast - Fresh,1265,2020-06-10T02:25:10Z
971,L7,Cinnamon - Ground,868,2020-06-21T01:50:19Z
972,R4,Lamb - Bones,967,2020-06-02T01:10:19Z
973,B7,Wine - Niagara,893,2020-06-15T19:10:22Z
974,X0,Salami - Genova,1076,2020-06-04T07:55:38Z
975,P0,Bread - French Baquette,857,2020-06-15T09:43:44Z
976,T7,Pesto - Primerba,1031,2020-06-14T19:46:31Z
977,S7,Stock - Beef,991,2020-06-03T19:40:10Z
978,C5,Jack Daniels,996,2020-06-11T01:37:42Z
979,U6,Chickhen - Chicken Phyllo,986,2020-06-29T10:01:43Z
980,P4,Contreau,934,2020-06-25T22:30:26Z
981,Z3,Puree - Strawberry,1121,2020-06-02T05:13:27Z
982,N7,Chocolate - Chips Compound,909,2020-06-27T20:22:38Z
983,M1,Chicken - Wieners,969,2020-06-27T09:14:27Z
984,S3,Madeira,740,2020-06-27T11:41:53Z
985,Z5,Vinegar - Sherry,719,2020-06-17T15:31:09Z
986,F5,Cheese - Cheddar With Claret,744,2020-06-06T06:05:24Z
987,C7,Lentils - Red,685,2020-06-06T07:30:30Z
988,M8,Food Colouring - Orange,1104,2020-06-19T01:06:35Z
989,J6,Shrimp - 21/25,1148,2020-06-28T23:53:22Z
990,O0,Muffin Hinge 117n,1382,2020-06-02T18:41:59Z
991,L6,Cocoa Powder - Dutched,1018,2020-06-10T00:27:36Z
992,I1,Beer - Muskoka Cream Ale,797,2020-06-23T01:45:35Z
993,Y8,Pasta - Lasagne,1077,2020-06-27T17:02:35Z
994,I2,Sea Urchin,1090,2020-06-28T03:43:03Z
995,F3,Sauce - Hoisin,1047,2020-06-02T10:52:26Z
996,M4,Muffin Chocolate Individual Wrap,1171,2020-06-24T18:21:46Z
997,Q7,Pastry - Apple Large,723,2020-06-22T06:45:03Z
998,C2,Oil - Shortening,1182,2020-06-27T07:07:22Z
999,H0,Crackers - Water,564,2020-06-29T01:27:23Z
1000,U3,Beer - True North Lager,1273,2020-06-24T17:25:59Z
